9942,Angers,Montpellier,15/09/2026,1730,0051,1:Lucia Kovacs:,2:Victor Singh:36.40,3:Sofia Gomez:,4:Minh Benali:51.78,5:Gabriel Rodrigues:47.12,6:Jules Moore:50.32,7:Alessio Ziane:46.22,8:Alessio Wong:,9:Natalia Zhang:50.26,10:Valentine Huang:47.96,11:Santiago Miller:,12:Jackson Ferrari:49.52,13:Aisha Ali:48.40,14:Quentin Petrov:38.46,15:Chau Bianchi:49.32,16:Sara Rodrigues:46.21,17:Carmen Fernandez:36.33,18:Ethan Zhang:44.17,19:Orion Russo:49.57,20:Igor Morozov:42.21,21:Valentine Chung:,22:Simon Wilson:47.82,23:Lucas Doan:41.89,24:Sara Schmidt:56.14,25:Nicolas Clark:41.21,26:Jules Kim:53.04,27:Clement Fernandez:44.55,28:Bilal Kuznetsov:57.99,29:Fode Dubois:51.10,30:Ulysse Wang:41.21,31:Aicha Ndiaye:53.57,32:Miguel Boudjema:43.36,33:Dylan Roux:
9509,Grenoble,Lyon,21/06/2026,1915,2126,1:Bjorn Schmidt:14.08,2:Gabriel Brown:15.98,3:Austin Chen:12.82,4:Kofi Petit:17.07,5:Carmen Sato:16.54,6:Daiki Kim:19.79,7:Gabriel Schmidt:15.49,8:Zola Johnson:20.14,9:Awa Schmidt:15.81,10:Adrien Vo:22.44,11:Silas Le:15.44,12:Kofi Martin:17.33,13:Nala Moore:19.53,14:Felix Lefevre:17.63,15:Sophie Popov:15.41,16:Quentin Fernandez:16.52,17:Skylar Bruno:19.76,18:Brenda Kovacs:18.70,19:Kimberly Schmidt:20.24,20:Maria Smith:21.20,21:Li Faure:14.18,22:Erica Ribeiro:17.94,23:Yumi Wilson:13.42,24:Felix Garcia:14.51,25:Ulysse Wang:22.49
5845,Nice,La Rochelle,17/08/2026,2030,0802,1:Madison Lee:53.84,2:Yumi Sanchez:46.02,3:Felix Suzuki:39.57,4:Mateo Wang:44.83,5:Carmen Faure:43.07,6:Amandine Perez:50.89,7:Simon Fernandez:57.24,8:Margaux Durand:53.44,9:Sergei Sokolov:57.73,10:Driss Yamamoto:33.24,11:Arthur Gomes:42.85,12:Amine Weber:34.71,13:Lian Traore:36.39,14:Baptiste Alves:38.90,15:Dylan Popov:40.85,16:Oceane Robert:35.25,17:Jackson Ramirez:33.61,18:David Fernandez:45.93,19:Chloe Weber:37.18,20:Adrien Conti:44.97,21:Javier Davis:47.92,22:Sonia Bernard:45.78,23:Samira Sokolov:48.03,24:Lucas Simon:42.70,25:Jason Ramirez:42.66,26:Sara Petit:52.88,27:Sonia Greco:32.70,28:Chloe Kuznetsov:43.22
5811,Limoges,Lille,21/10/2026,1530,2244,1:Liam Yamamoto:54.68,2:Driss Yamamoto:54.58,3:Paul Pham:43.55,4:Zachary Chung:42.11,5:Jian Pham:55.32,6:Amandine Robert:44.27,7:Theo Tanaka:41.58,8:Sophie Vidal:45.61,9:Fode Faure:54.50,10:Clement Esposito:53.81,11:Brenda Rizzo:31.75,12:Javier Wang:,13:Rose Ramirez:31.19,14::,15:Willow Simon:48.15,16:Karim Bruno:40.87,17:Minh Gomes:31.06,18:Aicha Muller:52.15,19:Aisha Khan:31.63,20:Lucas Clark:52.51,21:Mei Nkosi:38.17,22:Kofi Wilson:51.20,23:Camille Wang:53.08,24:Sergei Bernard:45.45,25:Harper Kuznetsov:41.07,26:Javier Novak:41.62,27:Juan Morozov:38.14,28:Willow Cruz:53.72,29:Isabella Benali:49.27,30:Kwame Rizzo:55.10,31:Theo Gomes:54.99,32:Aicha Michel:51.74,33:Sophie Wang:41.06
2890,Limoges,Montpellier,21/05/2026,1900,0108,1:Rose Moussa:30.55,2:David Gomez:28.85,3:Celeste Boudjema:31.34,4:Felix Haddad:44.63,5:Finn Diallo:29.54,6:Jeanne Smith:30.53,7:Silas Miller:38.65,8:Eloise Fahmi:44.44,9:Lucia Traore:25.94,10:Hazel Fernandez:37.24,11:Javier Wang:32.82,12:Sana Martin:37.22,13:Kenza Davis:29.15,14:Emma Martin:31.92,15:Harper Nkosi:40.74,16:Maria Torres:42.91,17:Nicolas Esposito:32.93,18:Katya Doan:37.68,19:Fode Fournier:28.84,20:Miguel Alves:45.17,21:David Esposito:41.16,22:Corey Laurent:30.22,23:Bilal Ali:28.98,24:Eloise Miller:36.50,25:Rayan Robert:42.71,26:Clement Moore:29.06,27:Paul Leroy:41.24,28:Lea Roux:44.77,29:Pablo Wang:31.88,30:Youssef Schmidt:33.83,31:Yasmine Pereira:32.24,32:Olivia Ivanov:30.06,33:Olivia Alves:43.85,34:Lucia Diop:44.61,35:Ulysse Torres:36.94,36:Mateo Wang:26.69,37:Chloe Smith:27.32,38:Oceane Vo:34.33,39:Margaux Chen:34.45,40:Baptiste Thomas:37.57,41:Carmen Bruno:44.04,42:Lian Ferrari:32.22,43:Finn Tran:26.07,44:Hazel Laurent:26.77,45:Lian Kim:45.73,46:Zoe Nkosi:43.87
2282,La Rochelle,Caen,28/12/2026,0645,1154,1:David Gomez:28.92,2:Imani Moussa:32.22,3:Sora Weber:31.30,4:Zola Clark:30.05,5:Mateo Brown:26.59,6:Driss Ziane:23.34,7:Ryo Chen:31.29,8:Carmen Simon:33.85,9:Rayan Garcia:36.82,10:Amine Gomez:32.13,11:Jian Martinez:30.60,12:Chen Yamamoto:26.99,13:Silas Smith:28.82,14:Silas Sylla:38.50,15:Maria Roux:30.54,16:Aicha Vidal:28.94,17:Noah Ramirez:33.38,18:Yara Moore:40.14,19:Chau Diop:34.27,20:Hana Garnier:35.63,21:Romain Gallo:30.42,22:Ryan Klein:24.94,23:Gabriel Muller:32.97,24:Lucas Fernandez:29.90,25:Jules Rizzo:32.04,26:Nour Brown:28.07,27:Orion Bernard:31.15,28:Sofia Esposito:32.04,29:Chau Kovacs:35.08,30:Driss Bernard:36.93,31:Willow Simon:39.08,32:Silas Sokolov:30.08
5558,Nice,Saint-Etienne,23/05/2026,1500,2219,1:Aisha Haddad:36.96,2:Akira Ferrari:52.16,3:Jeanne Clark:37.08,4:David Santos:44.78,5:Alice Zhang:38.13,6:Lea Conti:43.60,7:Celeste Bianchi:40.65,8:Natalia Klein:44.40,9:Lian Traore:48.20,10:Eloise Sanchez:41.53,11:Natalia Perez:43.82,12:Emma Cherif:50.91,13:Nicolas Khelifi:57.95,14:Isabella Benali:45.71,15:Adrien Garnier:41.16,16:Eloise Moreau:58.32,17:Ryo Simon:50.80,18:Margaux Dupont:53.24,19:Leila Dupont:51.95,20:Malika Richard:48.15,21:Sonia Diallo:50.60,22:Silas Cherif:52.21,23:Minh Le:38.44,24:Fiona Petit:55.70,25:Fode Doan:51.44,26:Pierre Diallo:55.98,27:Mateo Schulz:40.79,28:Ryan Rossi:47.07,29:Natalia Lefevre:43.69,30:Zola Smith:45.99,31:Karim Haddad:37.33,32:Lucas Simon:40.96,33:Austin Santos:47.93,34:Rayan Robert:49.15,35:Ryan Rossi:36.50,36:Emi Nkosi:50.22,37:Sekou Ziane:38.19,38:Malika Martin:34.24,39:Eloise Wilson:49.11,40:Madison Tran:36.40,41:Taro Wang:53.12,42:Baptiste Wong:51.99,43:Elsa Kuznetsov:47.06,44:Orion Russo:56.13,45:Brenda Simon:58.34,46:Camille Pereira:39.31,47:Yasmine Nguyen:37.75,48:Emi Lee:52.39,49:Zoe Greco:55.42
5008,Bordeaux,Caen,01/06/2026,1745,2324,1:Nicolas Esposito:47.39,2:Sonia Michel:44.13,3:Dmitri Klein:47.70,4:Valentine Smith:28.74,5:Bilal Kovacs:37.62,6:Youssef Sousa:38.05,7:Isabella Park:42.05,8:Emma Greco:38.94,9:Louis Rossi:29.98,10:Leila Taylor:29.12,11:Hugo Dubois:47.24,12:Ryan Sanchez:33.58,13:Zachary Gomes:33.12,14:Sekou Greco:28.72,15:Quentin Nkosi:29.97,16:Awa Cisse:33.05,17:Sora Davis:27.88,18:Finn Vo:32.42,19:Youssef Wagner:38.44,20:Ricardo Nkosi:30.29,21:Ulysse Lopez:43.23,22:Yara Moore:41.38,23:Aisha Traore:45.23,24:Javier Petrov:37.52,25:Sergei Vasiliev:28.74,26:Chloe Kim:28.01,27:Chau Almeida:27.49,28:Jules Santos:38.72,29:Igor Moussa:38.20,30:Ryan Rossi:31.14,31:Austin Cisse:31.18,32:Akira Ferrari:47.99,33:Zoe Vidal:31.10,34:Sofia Kovacs:41.08,35:Mehdi Rodriguez:35.29,36:Hassan Rodriguez:47.34,37:Corey Robert:40.59,38:Zoe Huang:31.25,39:Ryan Fournier:29.46,40:Maria Torres:28.66,41:Kofi Pereira:28.76,42:Baptiste Bianchi:46.12,43:Amine Weber:33.08,44:Pierre Liu:36.61,45:Isabella Durand:27.74,46:Igor Cisse:39.60,47:Isabella Ivanov:45.20,48:Pierre Diallo:40.18,49:Driss Oliveira:31.23,50:Farah Rizzo:44.34,51:Yasmine Zhang:42.28,52:Fode Almeida:33.47
3391,Rouen,Clermont-Ferrand,18/08/2026,1945,0207,1:Ulysse Torres:42.39,2:Karim Zhang:33.71,3:Taylor Cruz:41.11,4:Alessio Lopez:43.53,5:Wei Lefevre:36.54,6:Ryo Rizzo:33.91,7:Skylar Popov:45.86,8:Pierre Garnier:30.83,9:Silas Simon:42.54,10:Farah Nkosi:47.62,11:Nala Esposito:45.58,12:Youssef Ramirez:33.83,13:Aicha Vidal:47.95,14:Fode Wilson:40.62,15:Lucia Vo:30.11,16:Theo Sousa:29.62,17:Jeanne Fahmi:37.06,18:Emma Brown:40.70,19:Valentine Yamamoto:31.45
5505,Nice,Paris,29/05/2026,2130,1100,1:Igor Moussa:34.71,2:Liam Fernandez:35.12,3:Kwame Conti:55.83,4:Tristan Popov:50.85,5:Simon Ahmed:47.47,6:Natalia Morozov:44.70,7:Lucas Khelifi:34.08,8:Elsa Garnier:38.77,9:Igor Muller:49.80,10:Wei Ferrari:37.29,11:Quentin Petrov:48.17,12:Mehdi Gomez:37.59,13:Carmen Miller:46.52,14:Kai Rodrigues:44.03,15:Aki Vo:51.26,16:Li Abebe:48.51,17:Jackson Ferrari:40.59,18:Alessio Haddad:39.12,19:Baptiste Pham:56.15,20:Minh Benali:47.68,21:Juan Rizzo:38.33,22:Manon Perez:32.72,23:Hazel Hussein:36.47,24:Amine Rossi:33.57,25:Mateo Vasiliev:49.07,26:Lucia Ramirez:50.98,27:Simon Thomas:52.08,28:Minh Gomes:48.18,29:Baptiste Richard:52.08,30:Igor Muller:36.11,31:Gabriel Brown:57.31,32:Jeanne Wagner:50.72
8364,Nice,Le Mans,19/06/2026,1915,0702,1:Imani Rizzo:37.93,2:Ulysse Park:46.63,3:Quentin Chung:37.46,4:Igor Muller:51.38,5:Pierre Thomas:51.59,6:Paul Davis:49.22,7:Nour Fernandez:57.37,8:Zola Cherif:57.21,9:Kenza Taylor:44.98,10:Alice Dupont:38.85,11:Ines Laurent:46.25,12:Skylar Bruno:36.43,13:Jules Cherif:34.36,14:Harper Miller:38.84,15:Karim Sousa:47.06,16:Lucas Doan:40.83,17:Zachary Cisse:57.73,18:Aicha Wang:57.48,19:Bilal Kovacs:40.37,20:Jeanne Wang:40.30,21:Liam Fernandez:33.93,22:Hazel Khan:53.46,23:Manon Moreau:56.69,24:Bilal Ali:32.66,25:Mateo Abebe:52.10,26:Karim Sanchez:33.33,27:Jackson Wang:34.70,28:Jian Clark:38.34,29:Ulysse Clark:34.59,30:Hassan Gomez:41.39,31:Ricardo Nkosi:35.48,32:Orion Laurent:52.12,33:Mei Tanaka:40.05
9792,Limoges,Angers,25/12/2026,0800,1150,1:Mehdi Sato:22.97,2:Jules Rizzo:30.69,3:Skylar Petit:31.14,4:Akira Brown:23.00,5:Zachary Thomas:31.06,6:Sara Khelifi:23.18,7:Driss Williams:20.60,8:Youssef Wagner:27.34,9:Sophie Vo:34.23,10:Juan Miller:28.52,11:Corey Weber:22.35,12:Ulysse Sokolov:23.08,13:Felix Khan:30.18,14:Pierre Rodriguez:26.52,15:Noah Suzuki:25.08,16:Mateo Wang:22.41,17:Lea Diallo:21.51,18:Amandine Chung:34.49,19:Margaux Vasiliev:34.10,20:Felix Khan:21.85,21:Jackson Diop:21.82,22:Nicolas Doan:31.52,23:Isabella Lefevre:22.26,24:Baptiste Alves:33.08,25:Omar Moreau:27.33,26:Sora Russo:30.93,27:Austin Haddad:27.28,28:Chau Lee:29.35,29:Pablo Petrov:30.16,30:Minh Doan:23.82,31:Hana Ali:30.66,32:Mehdi Laurent:23.20,33:Adrien Martin:26.66,34:Carmen Miller:34.78,35:Quentin Pereira:28.73,36:Jeanne Doan:32.34,37:Silas Martin:25.62,38:Pierre Morozov:30.86,39:Zola Le:20.35,40:Malika Nguyen:34.02,41:Ryan Moreau:20.28,42:Elsa Garnier:21.58,43:Ulysse Johnson:22.12,44:Emi Lee:33.88,45:Austin Schmidt:33.02,46:Kenji Zimmermann:30.89,47:Nicolas Bernard:26.82,48:Camille Fahmi:27.91,49:Jules Oliveira:32.19
8458,Rouen,Limoges,02/05/2026,1800,2345,1:Igor Muller:44.28,2:Nala Sanchez:37.99,3:Zane Cherif:36.20,4:Emi Rizzo:29.66,5:Elena Ziane:28.40,6:Aisha Martinez:46.60,7:Omar Moreau:48.92,8:Silas Tran:49.94,9:Aki Kovacs:31.05,10:Taylor Conti:36.73,11:Zola Chung:42.19
8489,Paris,La Rochelle,04/12/2026,1715,0040,1:Nicolas Sanchez:56.81,2:Leila Roux:42.78,3:Aki Bianchi:34.28,4:Corey Ivanov:46.62,5:Pierre Cruz:41.06,6:Sophie Clark:37.54,7:Emma Almeida:46.01,8:Santiago Robert:36.82,9:Mei Wagner:50.81,10:Sophie Chung:49.17,11:Katya Ahmed:32.53,12:Tristan Wang:42.78,13:Aicha Vo:50.57,14:Noah Schulz:47.91,15:Yasmine Pereira:36.83,16:Mehdi Gomez:34.65,17:Simon Chen:43.51,18:Ulysse Lopez:56.51,19:Corey Laurent:31.61,20:Paul Pham:54.62,21:Chloe Lefevre:34.10,22:Adrien Martin:47.69,23:Brenda Rizzo:40.72,24:Mateo Laurent:47.00,25:Sekou Bernard:41.87,26:Adrien Kuznetsov:46.24,27:Quentin Rossi:35.40,28:Zoe Leroy:48.50,29:Ulysse Wang:50.23,30:Simon Garnier:54.23,31:Brenda Mohamed:32.53,32:Carmen Liu:55.31,33:Alessio Ouattara:47.65,34:Gabriel Brown:48.77,35:Mateo Huang:55.48,36:Natalia Martinez:36.37,37:Austin Chen:47.84,38:Louis Clark:37.03,39:Elena Diop:40.84,40:Rose Miller:45.99,41:Mei Ferrari:46.95,42:Natalia Perez:41.08,43:Ryo Simon:54.93
3064,Montpellier,Brest,19/12/2026,0700,1819,1:Li Wilson:46.44,2:Akira Fournier:,3:Amandine Johnson:52.32,4:Rose Robert:51.53,5:Ryo Williams:49.85,6:Harper Miller:57.77,7:Ethan Torres:38.37,8:Chau Huang:48.25,9:Amine Cherif:45.55,10:Celeste Lopez:,11::,12:Zoe Chen:40.79,13:Emma Brown:44.02,14:Leila Roux:32.81,15:Minh Fahmi:33.19,16:Manon Silva:56.19,17:Pablo Pereira:,18:Fiona Miller:47.57,19:Nala Fournier:56.06,20:Madison Sylla:48.13,21:Lucas Simon:38.96,22::,23:Igor Morozov:33.68,24:Carmen Miller:37.03,25:Margaux Schmidt:54.06,26:Javier Brown:53.07,27:Harper Moreau:56.92,28:Oceane Vidal:50.40,29:Yara Brown:38.48,30:Gabriel Sanchez:37.20,31:Alessio Ali:47.09,32:Rayan Rodriguez:42.08,33:Youssef Simon:35.63,34:Celeste Fournier:44.77,35:Ethan Roux:57.13,36:David Rizzo:34.79
5175,Strasbourg,Clermont-Ferrand,10/07/2026,1430,2151,1:Emi Wagner:50.27,2::,3:Nicolas Khelifi:44.17,4:Taylor Gomes:52.32,5:Alessio Wong:37.12,6:Adrien Laurent:,7:Amine Durand:42.21,8:Orion Bernard:37.62,9::,10:Rayan Conti:51.39,11:Louis Huang:35.05,12:Taro Doan:33.50,13:Santiago Huang:52.90,14:Minh Le:37.90,15:Tristan Santos:35.02,16:Victor Zimmermann:46.53,17:Zane Suzuki:48.13,18:Ricardo Cisse:43.25,19:Camille Schmidt:54.23,20:Tristan Popov:33.27,21:Zoe Ali:,22:Nicolas Yamamoto:44.49,23:Bjorn Moore:42.66,24:Aki Cisse:45.69,25:Baptiste Richard:39.65
3598,Tours,Lille,08/10/2026,1430,1820,1:Ryan Cherif:25.35,2:Katya Yamamoto:27.70,3:Margaux Durand:20.73,4:Madison Diop:25.76,5:Taylor Conti:19.75,6:Juan Miller:21.81,7:Nour Tran:18.30,8:Sora Michel:26.97,9:Sana Sousa:29.32,10:Awa Suzuki:25.62,11:Fode Perez:29.81,12:Javier Petrov:22.97,13:Samira Wong:30.78,14:Liam Pereira:18.56,15:Brenda Garnier:28.93,16:Nicolas Gomes:25.80,17:Ryan Conti:22.52,18:Emma Petrov:18.87,19:Alessio Schmidt:25.40,20:Bilal Thomas:26.92,21:Aicha Kowalski:26.71,22:Youssef Morozov:27.49,23:Lian Pereira:25.20,24:Dylan Petit:19.87,25:Arthur Wong:26.62,26:Natalia Mohamed:29.82,27:Finn Miller:28.68,28:Skylar Novak:26.78,29:Manon Kim:29.77,30:Jules Cruz:22.32,31:Yasmine Zhang:26.21,32:Samira Lefevre:21.51
5043,Limoges,Clermont-Ferrand,27/03/2026,1700,2052,1:Malika Vasiliev:20.18,2:Kenza Williams:26.38,3:Baptiste Kuznetsov:26.09,4:Lucas Almeida:19.82,5:Simon Moore:33.20,6:Ryan Moreau:26.37,7:Kimberly Mohamed:19.54,8:Emma Almeida:20.19,9:Juan Tran:27.86,10:Sana Kovacs:27.64,11:Jason Klein:29.59,12:Arthur Ivanov:23.97,13:Austin Gomes:28.68,14:Emma Nguyen:26.73,15:Yumi Sanchez:26.09,16:Chau Almeida:30.39,17:Theo Sousa:32.10,18:Victor Nkosi:31.67,19:Igor Chen:33.11,20:Louis Haddad:19.81,21:Maria Roux:33.78,22:Carmen Sato:24.02,23:Sonia Dupont:29.83,24:Manon Lefevre:23.18,25:Carmen Faure:24.32,26:Clement Ivanov:24.02,27:Leila Pham:31.79,28:Hassan Martin:24.70,29:Javier Bianchi:25.08
1998,Clermont-Ferrand,Rennes,05/06/2026,2200,0403,1:Clement Moussa:42.82,2:Amandine Cisse:37.52,3:Maria Rodriguez:42.75,4:David Simon:27.04,5:Gabriel Diop:30.28,6::,7:Kenza Nkosi:45.00,8:Minh Benali:36.51,9:Felix Ferrari:28.42,10:Sana Kovacs:32.80,11:Zane Klein:42.68,12:Valentine Ndiaye:31.45,13::,14:Ryo Williams:32.98,15:Aki Ivanov:28.05,16:Yara Doan:35.67,17:Hassan Singh:41.29,18:Ethan Ouattara:44.76,19:Aki Novak:41.56,20:Ricardo Cruz:,21::,22:Clement Moore:47.10,23:Baptiste Roux:34.61,24:Ryan Ivanov:41.90,25:Sergei Perez:46.42,26:Youssef Doan:46.90,27:Sofia Chen:32.08,28:Hana Miller:34.29
4992,Saint-Etienne,Rouen,19/03/2026,2100,0332,1:Kofi Roux:42.56,2:Mateo Wang:46.48,3:Corey Yamamoto:31.10,4:Youssef Chung:27.99,5:Chen Ziane:32.06,6:Harper Vasiliev:29.63,7:Fiona Doan:39.59,8:Fiona Davis:47.89,9:Driss Oliveira:29.34,10:Kwame Perez:34.04,11:Adrien Esposito:34.60,12:Chau Zimmermann:39.44,13:Brenda Ouattara:39.50,14:Bilal Cruz:46.73,15:Juan Lopez:42.27,16:Elsa Suzuki:46.00,17:Kofi Petit:42.32,18:Jeanne Petrov:37.20,19:Paul Pham:32.76,20:Minh Novak:36.91,21:Karim Sousa:28.24,22:Baptiste Benali:41.48,23:Yara Wilson:39.55,24:Alice Dupont:35.10,25:Leila Pham:39.53,26:Elena Liu:37.79,27:Miguel Greco:30.67,28:Gabriel Sanchez:37.65,29:Akira Ferrari:40.54
7841,Tours,Toulouse,21/04/2026,0815,1550,1:Chloe Conti:34.44,2:Rose Perez:55.08,3:Silas Cherif:42.02,4:Fode Almeida:51.83,5:Orion Laurent:50.06,6:Aisha Gallo:39.05,7:David Clark:49.45,8:Harper Ouattara:42.98,9:Tristan Chung:37.69,10:Emma Cisse:42.10,11:Elsa Ali:51.04,12:Harper Sato:35.07,13:Farah Gallo:46.84,14:Romain Lopez:43.04,15:Nour Wong:56.09,16:Chen Pereira:58.33,17:Isabella Lopez:46.14,18:Igor Moussa:34.42,19:Finn Russo:58.28,20:Paul Kowalski:33.76,21:Aicha Robert:35.59,22:Amandine Haddad:42.83,23:Akira Gomes:38.21,24:Jackson Martinez:57.67,25:Pierre Rodriguez:42.29,26:Pierre Doan:34.55,27:Sergei Perez:41.01,28:Olivia Tanaka:38.97,29:Kenza Fahmi:39.04,30:Jeanne Petrov:58.42,31:David Le:54.26
8511,Dijon,Le Mans,11/02/2026,0645,1358,1:Erica Ribeiro:36.19,2:Yara Miller:44.61,3:Simon Nkosi:50.88,4:Malika Suzuki:33.10,5:Alice Johnson:50.67,6:Emma Conti:46.51,7:Sonia Kovacs:33.85,8:Jason Traore:51.63,9:Willow Mohamed:41.30,10:Gabriel Bernard:34.96,11:Sora Garnier:48.50,12:Corey Faure:54.90,13:Margaux Khan:55.48,14:Zane Almeida:57.68,15:Youssef Sousa:32.67,16:Margaux Garnier:56.26,17:Zachary Popov:55.17,18:Pierre Garnier:48.88,19:Valentine Khelifi:50.12,20:Daiki Martinez:52.81,21:Zane Suzuki:39.65,22:Driss Chung:58.22,23:Jian Garcia:36.21,24:Sara Schmidt:55.48,25:Felix Cisse:36.77,26:David Rizzo:55.51,27:Minh Ivanov:52.57,28:Emma Cherif:33.38,29:Theo Ferrari:41.71,30:Skylar Almeida:50.62,31:Chloe Kim:47.74,32:Yasmine Zhang:36.42
2893,Montpellier,Reims,03/10/2026,1300,2035,1:Aki Bianchi:42.47,2:Noah Vo:40.65,3:Harper Ouattara:39.93,4:Alessio Ouattara:36.01,5:Jeanne Doan:34.98,6:Sora Rodriguez:36.60,7:Skylar Bruno:35.87,8:Jules Bruno:34.72,9:Erica Tanaka:36.09,10:Ines Haddad:46.39,11:Ryan Benali:44.86,12:Maria Petrov:50.46,13:Gabriel Park:39.09,14:Taylor Wilson:39.04,15:Aki Faure:35.15,16:Victor Diop:55.53,17:Malika Brown:50.86,18:Mateo Huang:41.52,19:Chloe Brown:34.76
7066,Le Mans,Nice,12/03/2026,1500,0133,1:Zane Lee:56.76,2:Yumi Zimmermann:57.65,3:Rose Moussa:55.59,4:Harper Kuznetsov:35.56,5:Oceane Almeida:40.83,6:Chen Ziane:33.58,7:Zola Diop:46.46,8:Mateo Benali:41.75,9:Alice Johnson:53.75,10:Amine Cherif:45.03,11:Sergei Vasiliev:47.05,12:Juan Miller:36.72,13:Willow Tanaka:41.25,14:Omar Moreau:47.74,15:Ricardo Rodriguez:41.08,16:Gabriel Bernard:33.23,17:Theo Silva:45.12,18:Jian Robert:45.63,19:Sekou Fournier:35.71,20:Aki Rodriguez:52.37,21:Mei Sanchez:55.24,22:Alice Johnson:40.83,23:Chau Khan:35.87,24:Noah Lopez:38.65,25:Natalia Cruz:33.01,26:Karim Sanchez:52.33,27:Taylor Khan:39.41
8457,Le Mans,Dijon,10/10/2026,0745,1458,1:Youssef Ziane:45.88,2:Aki Novak:49.62,3:Nicolas Kowalski:35.58,4:Zane Zhang:34.32,5:Quentin Chung:56.93,6:Alessio Haddad:50.20,7:Mehdi Abebe:51.14,8:Sara Schmidt:49.48,9:Hassan Russo:54.11,10:Valentine Ferrari:46.11,11:Pablo Petrov:54.85,12:Felix Schmidt:48.18,13:Ethan Torres:50.00,14:Nour Rodrigues:50.52,15:Victor Diop:52.41,16:Akira Fournier:37.94,17:Manon Novak:45.41,18:Yara Wong:43.58,19:Lucia Ramirez:52.21,20:Hugo Diallo:35.53,21:Driss Cisse:43.91,22:Sofia Kovacs:56.50
5095,Caen,Strasbourg,21/11/2026,1030,2057,1:Fode Wilson:45.55,2:Chloe Smith:39.54,3:Chau Kovacs:41.03,4:Corey Gallo:35.22,5:Zachary Wilson:55.65,6:Farah Almeida:37.05,7:Camille Diallo:36.80,8:Imani Nkosi:47.37,9:Quentin Leroy:42.45,10:Austin Chen:41.70,11:Igor Alves:51.38
5276,Dijon,Tours,19/06/2026,1300,1917,1:Orion Faure:43.98,2:Kwame Smith:32.91,3:Jules Mohamed:47.54,4:Celeste Bianchi:37.55,5:Sana Ali:35.35,6:Oceane Vo:52.39,7:Eloise Schulz:43.23,8:Hana Bianchi:51.43,9:Noah Brown:48.24,10:Igor Cisse:29.65,11:Jian Garcia:47.46,12:Bjorn Greco:50.40,13:Yumi Nkosi:49.26,14:Taro Wilson:49.47,15:Ethan Cisse:38.83,16:Felix Tanaka:35.51,17:Valentine Durand:46.47,18:Amine Cherif:31.97,19:Mehdi Rodriguez:49.28,20:Chen Ziane:46.94,21:Jeanne Petit:47.60,22:Nour Smith:48.86,23:Natalia Zhang:30.73,24:Jian Fahmi:42.22,25:Simon Ndiaye:52.45,26:Li Oliveira:52.45,27:Madison Kowalski:35.21,28:Samira Sokolov:47.86,29:Willow Ali:39.20,30:Skylar Bruno:44.52,31:Sora Esposito:45.53,32:Arthur Robert:30.46,33:Alice Leroy:34.46,34:Isabella Durand:32.34,35:Zoe Chen:30.03
1532,Montpellier,Angers,26/08/2026,1145,,1:Lucas Clark:42.41,2:Olivia Alves:36.33,3:Baptiste Santos:42.01,4:Isabella Park:49.40,5:Jules Kim:45.28,6:Driss Bernard:42.62,7:Igor Alves:42.71,8:Leila Doan:50.15,9:Taylor Wong:49.32,10:Farah Pereira:34.31
9116,Grenoble,Paris,16/04/2026,1645,0001,1:Sara Kuznetsov:33.27,2::,3:Silas Smith:56.81,4:Santiago Zimmermann:37.93,5:Camille Pereira:51.68,6:Chau Ivanov:34.73,7:Ryan Moreau:34.74,8::,9:Chen Diallo:34.47,10:Aicha Robert:44.68,11:Elsa Ali:35.15,12:Minh Rizzo:36.87,13:Sonia Kim:51.22,14:Lucia Klein:56.89,15:David Santos:56.01,16:Manon Wagner:56.31,17:Zane Almeida:35.12,18:Felix Ali:33.90,19:Sekou Greco:38.22,20:Awa Klein:43.32,21:Ulysse Petrov:37.23,22:Zane Kowalski:53.90,23:Yasmine Alves:37.60,24:Lea Sato:43.13,25:Theo Yamamoto:49.96,26:Brenda Le:54.15,27:Nour Tran:46.74,28:Aicha Garnier:41.59,29:Jason Traore:39.67,30:Javier Schmidt:46.16,31:Nala Dupont:,32::
7946,Clermont-Ferrand,Montpellier,25/12/2026,1600,2117,1:Sofia Sousa:37.52,2:Elsa Singh:36.05,3:Elsa Park:26.90,4:Jules Santos:38.93,5:Olivia Kuznetsov:34.73,6:Pierre Garnier:35.68,7:Imani Nkosi:40.78,8:Taylor Kim:26.11,9:Clement Ivanov:32.15,10:Li Kowalski:26.40,11:Brenda Rizzo:30.30,12:Ricardo Cisse:41.74,13:Driss Yamamoto:28.04,14:Simon Garnier:32.84,15:Nicolas Miller:39.36,16:Romain Wong:31.46,17:Ethan Weber:29.88,18:Mei Sanchez:29.98,19:Yasmine Alves:39.31,20:Erica Tanaka:33.28,21:Rose Moussa:27.29,22:Hassan Kowalski:29.15,23:Margaux Vasiliev:36.12,24:Santiago Robert:26.92,25:Imani Alves:38.74,26:Jules Kim:25.10,27:Maria Traore:24.62,28:Ricardo Vidal:31.66,29:Lucia Esposito:32.08,30:Louis Zimmermann:40.02,31:Javier Leroy:29.64,32:Emi Rizzo:39.35,33:Nour Morozov:26.77
7121,Strasbourg,Le Mans,09/11/2026,1000,1939,1:Clement Fernandez:55.93,2:Aki Huang:55.62,3:Driss Yamamoto:47.82,4:Li Benali:43.12,5:Miguel Alves:48.27,6:Rose Novak:46.05,7:Imani Fournier:43.89,8:Jason Ndiaye:48.26,9:Carmen Faure:55.28,10:Simon Moore:57.86,11:Ricardo Nkosi:33.69,12:Celeste Muller:44.19,13:Yara Miller:36.94,14:Hana Gallo:37.92,15:Chau Almeida:35.81,16:Rayan Garcia:44.82,17:Zoe Ali:38.60,18:Jules Fernandez:44.47,19:Zoe Rodrigues:40.29,20:Celeste Boudjema:32.99,21:Jason Traore:35.94,22:Fiona Petrov:43.67,23:Elena Diop:57.46,24:Kwame Wong:34.40,25:Minh Rizzo:57.28,26:Corey Martin:34.21
3061,Nice,Rennes,03/06/2026,1130,0108,1:Bilal Kovacs:47.50,2:Bjorn Moore:50.00,3:Rose Vasiliev:51.66,4:Elsa Garnier:53.87,5:Katya Bruno:47.60,6:Bilal Clark:42.36,7:Hugo Ribeiro:42.31,8:Noah Suzuki:57.55,9:Jeanne Doan:34.54,10:Leila Ndiaye:46.96,11:Kofi Ndiaye:43.59,12:Lucia Huang:54.05,13:Lian Oliveira:37.82,14:Taro Zimmermann:52.66,15:Akira Brown:50.83,16:Hugo Tran:41.17,17:Nour Sousa:41.84,18:Chau Almeida:38.62,19:Clement Ivanov:52.25,20:Emi Cisse:38.08,21:Lucas Novak:33.42,22:Carmen Miller:33.14,23:Manon Popov:47.39,24:Jackson Silva:49.17,25:Leila Doan:38.29,26:Li Le:50.94,27:Yumi Wang:58.22,28:Igor Popov:45.43,29:Sekou Pereira:39.46,30:Lucia Ziane:56.41,31:Willow Cruz:38.12,32:Hazel Fernandez:39.99,33:Elsa Bianchi:45.53,34:Alice Huang:36.87,35:Ethan Ouattara:57.80
3619,Nice,Metz,13/03/2026,1000,1444,1:Javier Bianchi:29.72,2:Emma Moussa:33.96,3:Kwame Khelifi:23.20,4:Zachary Gomes:35.68,5:Lucia Kovacs:33.05,6:Ulysse Wang:29.75,7:Madison Diop:27.38,8:Chau Diop:24.77,9:Jason Khelifi:33.00,10:Nour Cruz:29.03,11:Erica Yamamoto:33.93,12:Alice Tanaka:27.85,13:Imani Moussa:31.58,14:Nala Le:28.52,15:Wei Ribeiro:32.92,16:Sofia Thomas:28.32,17:Jules Rizzo:29.80,18:Pierre Taylor:34.69,19:Minh Sato:33.38,20:Quentin Chen:37.44,21:Madison Kowalski:29.51,22:Daiki Clark:22.83,23:Jackson Diop:32.26,24:Ethan Smith:24.63,25:Elsa Kuznetsov:25.02,26:Hassan Pereira:26.70,27:Samira Lefevre:22.03
6020,Brest,Paris,18/12/2026,2215,0728,1:Sofia Klein:44.50,2:Miguel Diop:47.07,3:Brenda Ouattara:43.04,4:Igor Popov:48.92,5:Omar Ouattara:47.75,6:Madison Sylla:33.90,7:Valentine Clark:50.63,8:Nour Rodrigues:54.36,9:Sekou Haddad:48.27,10:Taylor Klein:44.34,11:David Santos:37.43,12:Skylar Chung:33.03,13:Nour Popov:43.66,14:Nicolas Gomes:36.68,15:Pierre Thomas:39.20,16:Felix Garnier:44.10,17:Samira Wong:53.20,18:Manon Dubois:53.89,19:Yumi Sanchez:46.87,20:Youssef Lopez:42.51,21:Dylan Petrov:39.64,22:Tristan Tran:40.62,23:Zane Zhang:40.44,24:Akira Ferrari:45.46,25:Natalia Muller:45.65,26:Tristan Durand:38.51,27:Imani Kuznetsov:49.01,28:Clement Kuznetsov:49.32,29:Eloise Wilson:49.39,30:Bilal Ali:45.41,31:Elsa Martin:38.64,32:Manon Zimmermann:49.60,33:Ethan Brown:37.29,34:Noah Hussein:46.20,35:Sofia Kovacs:47.70,36:Zane Johnson:40.86,37:Orion Faure:51.46,38:Tristan Haddad:56.04,39:Madison Kowalski:48.06,40:Orion Pereira:55.58,41:Nour Sousa:33.19,42:Sofia Zhang:40.58,43:Ines Kovacs:41.96,44:Jeanne Fahmi:44.26,45:Aki Diop:48.81,46:Samira Petit:42.09,47:Santiago Miller:34.25,48:Sonia Ahmed:51.36,49:Paul Leroy:58.22
5009,Nantes,Rouen,12/06/2026,0845,1315,1:Oceane Schmidt:26.41,2:Sonia Boudjema:31.87,3:Zola Torres:29.12,4:Sofia Leroy:26.88,5:Madison Torres:30.65,6:Camille Schmidt:26.49,7:Driss Thomas:27.05,8:Aicha Vo:22.68,9:Ines Le:24.56,10:Theo Silva:20.42,11:Quentin Roux:24.70,12:Karim Novak:27.99,13:Samira Wong:29.94,14:Quentin Ali:20.16,15:Emma Sokolov:32.00,16:Lian Kim:21.38,17:Amandine Conti:19.07,18:Madison Gomes:25.90,19:Austin Wang:30.44,20:Santiago Sousa:21.69,21:Kai Roux:20.39,22:Amine Durand:20.35,23:Imani Alves:25.74,24:Silas Sylla:28.64,25:Brenda Rizzo:23.99,26:Manon Silva:25.58,27:Zachary Zimmermann:26.81
1674,Grenoble,Marseille,25/07/2026,2215,0116,1:Erica Sato:18.99,2:Imani Petrov:17.72,3:Aisha Moussa:17.23,4:Corey Martin:17.75,5:Imani Ramirez:22.07,6:Youssef Almeida:19.39,7:Chloe Lefevre:15.38,8:Karim Sanchez:14.60,9:Akira Martin:17.48,10:Camille Santos:22.28,11:Pierre Cruz:19.35,12:Kofi Pereira:17.22,13:Sora Wagner:16.03,14:Wei Leroy:19.81,15:Celeste Chung:13.63,16:Omar Esposito:13.58,17:Samira Wagner:16.19,18:Sofia Chen:17.03,19:Nala Fournier:19.87,20:Ines Rodrigues:20.38,21:Amandine Fahmi:20.48,22:Miguel Wagner:18.00,23:Adrien Esposito:20.04,24:David Fernandez:13.33,25:Pablo Petrov:18.03,26:Thao Lee:14.04,27:Hana Ali:20.88,28:Maria Roux:15.38,29:Willow Sokolov:16.80,30:Emi Wang:15.60,31:Katya Lee:21.33
6862,Metz,Dijon,16/08/2026,1115,1426,1:Isabella Benali:20.24,2:Jian Clark:19.00,3:Karim Faure:13.52,4:Erica Singh:21.46,5:Isabella Ziane:21.46,6:Juan Fernandez:23.35,7:Gabriel Brown:17.84,8:Aicha Ndiaye:22.96,9:Silas Hussein:23.93,10:Baptiste Bianchi:23.53,11:Sana Lee:16.21,12:Chen Wong:18.27,13:Harper Ouattara:23.20,14:Yara Moore:13.52,15:Hassan Brown:14.93,16:Manon Bianchi:19.51,17:Clement Sato:15.56,18:Sara Ferrari:21.01,19:Sergei Ramirez:18.21,20:Kenza Traore:15.67,21:Mehdi Rodriguez:18.70,22:Alice Park:19.34,23:Fode Boudjema:13.77,24:Bjorn Moreau:20.14,25:Brenda Dubois:14.51,26:Ryan Ivanov:20.72,27:Olivia Weber:20.73,28:Adrien Esposito:13.62,29:Hassan Russo:18.37,30:Sophie Chung:23.20,31:Fiona Petit:14.53,32:Sofia Kovacs:23.34,33:Aki Diop:23.63,34:Olivia Morozov:17.90,35:Brenda Mohamed:21.47,36:Rose Perez:14.11,37:Sara Dubois:14.26,38:Austin Haddad:21.56,39:Li Kowalski:22.47,40:Jason Traore:18.63,41:Amandine Ziane:16.39,42:Lian Pereira:22.57,43:Zane Fernandez:21.51
6038,Metz,Lyon,24/07/2026,1915,0028,1:Chloe Novak:36.30,2:Baptiste Bianchi:26.10,3:Romain Michel:38.18,4:Clement Sato:29.30,5:Aicha Rizzo:35.82,6:Theo Schmidt:33.97,7:Ryo Rizzo:25.48,8:Elena Zhang:27.49,9:Tristan Chung:33.28,10:Pablo Ziane:28.14,11:Minh Sanchez:24.57,12:Pierre Liu:29.03,13:Baptiste Sanchez:34.55,14:Nala Fournier:37.23,15:Mehdi Richard:33.18,16:Lucia Huang:32.57,17:Rose Rodriguez:39.22,18:Felix Khan:23.90,19:Driss Nguyen:33.53,20:Elsa Park:35.87,21:Akira Gomes:25.04,22:Adrien Conti:28.42,23:Tristan Moreau:31.78,24:Emma Brown:23.23,25:Jeanne Kovacs:22.80,26:Kwame Vidal:30.13,27:Willow Taylor:36.41,28:Manon Bianchi:29.71,29:Jason Yamamoto:27.42,30:Willow Simon:24.69
3999,Le Mans,Marseille,10/10/2026,1145,2032,1:Valentine Davis:57.26,2:Hassan Rodriguez:34.88,3:Kwame Schulz:37.46,4:Nala Simon:42.64,5:Nicolas Zimmermann:33.45,6:Noah Gallo:34.93,7:Chau Almeida:56.38,8:Dmitri Wagner:39.42,9:Madison Kowalski:53.01,10:Yasmine Alves:52.51,11:Sara Martinez:33.86,12:Sora Durand:49.36,13:Ines Kovacs:56.76,14:Tristan Haddad:37.66,15:Minh Benali:43.21,16:Driss Almeida:44.82,17:Sekou Bianchi:43.44,18:Lucas Oliveira:50.14,19:Dylan Moreau:33.92,20:Baptiste Rizzo:36.57,21:Margaux Vasiliev:41.30,22:Hassan Liu:55.52,23:Kwame Cherif:42.06,24:Margaux Dupont:54.78,25:Madison Gomes:58.37,26:Samira Ramirez:49.91,27:Adrien Moore:42.02,28:Zoe Dubois:43.17,29:Igor Muller:46.30,30:Mateo Novak:39.75,31:Oceane Singh:40.91,32:Pierre Doan:55.88
5429,Marseille,Le Mans,04/07/2026,1030,1841,1:Emma Almeida:37.55,2:Tristan Wang:48.83,3:Erica Mohamed:41.83,4:Hugo Tran:43.40,5:Alice Alves:42.27,6:Romain Wong:57.12,7:Amandine Perez:33.20,8:Sophie Wang:38.76,9:Chau Diop:51.48,10:Ethan Roux:54.25,11:Elsa Singh:36.70
2024,Saint-Etienne,Lille,08/09/2026,1100,1735,1:Lucas Diop:32.11,2:Lian Oliveira:29.01,3:Clement Lopez:48.35,4:Bjorn Greco:49.43,5:Aicha Muller:48.01,6:Camille Fahmi:47.84,7:Chloe Weber:44.77,8:Ines Laurent:34.84,9:Zoe Rodrigues:46.46,10:Yara Cisse:48.06,11:Quentin Greco:42.69,12:Pierre Ribeiro:44.35,13:Daiki Smith:45.37,14:Paul Chen:35.92,15:Hugo Nkosi:45.85,16:Li Dubois:41.31,17:Aki Kovacs:44.68,18:Ryan Rossi:44.13,19:Amandine Faure:40.33,20:Dylan Roux:45.38,21:Amandine Conti:48.32,22:Baptiste Ribeiro:50.32,23:Alice Dupont:42.17,24:Igor Doan:34.94,25:Valentine Ndiaye:31.56,26:Orion Faure:30.25,27:Finn Davis:38.07,28:Zoe Fahmi:32.04,29:Austin Pereira:34.32
9778,Limoges,Grenoble,06/09/2026,1215,1732,1:Ines Kovacs:39.56,2:Sofia Gomez:36.67,3:Chau Simon:26.08,4:Skylar Novak:,5:Igor Chen:32.41,6:Orion Russo:40.05,7:Paul Diop:38.20,8:Theo Ferrari:31.08,9:Nala Esposito:33.34,10::,11:Sophie Taylor:35.95,12:Erica Tanaka:27.46,13:Lea Brown:37.52,14:Nour Russo:,15:Dmitri Klein:,16:Katya Khelifi:23.17,17:Adrien Vasiliev:38.01,18::,19:Clement Lee:25.19,20:Madison Muller:25.33,21:Driss Dupont:22.77,22::,23:Malika Le:32.76,24:Oceane Almeida:39.42,25:Youssef Popov:33.97,26:Harper Boudjema:28.50,27:Taylor Wong:28.42,28:Ines Laurent:34.47,29:Zoe Perez:39.06,30:Nala Simon:29.70,31:Sonia Dupont:28.17,32:Akira Ferrari:27.02,33:Hana Ali:35.81,34:Kofi Khan:35.63,35:Sana Kovacs:36.32,36:Kenza Taylor:33.05,37:Kenza Kim:37.57,38:Gabriel Park:36.00,39:Pierre Gallo:29.67,40:Harper Miller:31.34,41:Camille Morozov:23.08,42:Isabella Dupont:24.78,43:Aicha Robert:24.77,44:Rose Ramirez:39.38,45:Lucas Doan:25.68,46:Finn Kovacs:,47:Igor Morozov:22.81,48:Baptiste Pham:
5025,Lyon,Caen,07/09/2026,0615,1145,1:Quentin Nkosi:37.56,2:Oceane Vidal:32.72,3:Aki Rodriguez:37.03,4:Sekou Yamamoto:24.35,5:Sekou Haddad:23.34,6:Sofia Suzuki:25.29,7:Santiago Khan:29.57,8:Sergei Dubois:23.78,9:Chloe Fernandez:30.45,10:Adrien Conti:31.47,11:Mehdi Benali:33.07,12:Margaux Garnier:41.84,13:Alessio Moreau:24.96,14:Katya Wong:35.03,15:Santiago Robert:34.99,16:Clement Ivanov:33.62,17:Carmen Petrov:39.35,18:Skylar Chung:26.67,19:Rose Thomas:23.46,20:Kofi Martin:29.62,21:Elena Zhang:24.58,22:Zoe Diallo:33.70,23:Kai Michel:34.00,24:Silas Torres:41.07,25:Kimberly Huang:39.64,26:Eloise Weber:33.49,27:Wei Schmidt:36.24,28:Amandine Conti:24.63,29:Amandine Fahmi:37.01,30:Sora Wagner:38.88,31:Fiona Petit:38.72,32:Rayan Garcia:26.21,33:Amandine Haddad:30.08,34:Zane Abebe:34.02,35:Chau Torres:24.19,36:Erica Tanaka:32.99,37:Youssef Almeida:35.93,38:Sophie Nguyen:27.63,39:Isabella Novak:36.99,40:Lucas Cherif:36.85,41:Sara Martinez:36.87,42:Youssef Morozov:31.81,43:Corey Lefevre:29.78,44:Emi Wagner:30.25,45:Lea Leroy:34.59,46:Elena Boudjema:34.85,47:Lea Sato:32.15,48:Amandine Pham:25.23,49:Isabella Le:39.65,50:Li Zhang:40.77,51:Olivia Lefevre:41.00,52:Felix Nguyen:40.47,53:Alice Doan:29.54,54:Maria Sylla:39.43
7739,Clermont-Ferrand,Perpignan,02/12/2026,1915,0245,1:Omar Singh:39.35,2:Rayan Davis:41.16,3:Isabella Durand:50.96,4:Hana Miller:41.03,5:Ryan Sanchez:39.56,6:Manon Silva:54.14,7:Manon Lefevre:44.36,8:Silas Sylla:41.59,9:Katya Khelifi:47.75,10:Celeste Benali:58.10,11:Gabriel Ouattara:52.80,12:Dylan Moreau:47.56,13:Hassan Martin:49.15,14:Liam Alves:49.20,15:Bjorn Lefevre:46.67,16:Elena Zhang:36.93,17:Harper Vasiliev:51.95,18:Emi Nkosi:52.19,19:Sara Cruz:37.88,20:Zola Martin:37.14,21:Mateo Kuznetsov:37.50,22:Santiago Robert:55.48,23:Finn Kovacs:52.30,24:Jules Bruno:33.49,25:Camille Fahmi:41.59,26:Kenza Perez:33.29,27:Kenza Garnier:36.39,28:Victor Khelifi:41.15,29:Carmen Petrov:34.05,30:Rose Sato:36.40
4961,Reims,Toulouse,27/08/2026,1630,0022,1:Valentine Ndiaye:56.97,2:Emma Vidal:49.95,3:Aisha Hussein:44.18,4:Gabriel Yamamoto:55.53,5:Kwame Khelifi:45.56,6:Juan Russo:32.75,7:Zola Diop:43.83,8:Ricardo Rodriguez:41.17,9:Harper Ramirez:47.79,10:Rose Schmidt:33.34,11:Jason Greco:54.38,12:Skylar Gallo:39.64,13:Ryo Klein:42.75,14:Mehdi Roux:37.03,15:Camille Santos:51.28,16:Carmen Petrov:43.54,17:Farah Nkosi:40.11,18:Liam Pereira:47.77,19:Orion Lefevre:39.94,20:Ryo Williams:43.53,21:Finn Cisse:55.14,22:Imani Kuznetsov:56.93,23:Celeste Lee:54.69,24:Ulysse Nguyen:44.63,25:Thao Khan:43.47,26:Olivia Weber:40.41,27:Youssef Abebe:54.31,28:Imani Chung:41.25,29:Liam Pereira:58.43,30:Akira Abebe:33.64
5970,Tours,Perpignan,18/09/2026,1315,2246,1:Karim Sousa:37.75,2:Emi Wagner:51.33,3:Ryan Sato:53.03,4:Lucia Traore:44.85,5:Dylan Perez:34.34,6:Amandine Pham:38.10,7:Felix Wagner:39.84,8:Chau Weber:51.62,9:Sora Davis:34.36,10:Hugo Diallo:43.88,11:Valentine Huang:55.49,12:Lian Lee:44.01,13:Nicolas Miller:32.68,14:Margaux Ribeiro:52.44,15:Chloe Laurent:34.46,16:Sofia Davis:45.72,17:Harper Wagner:54.22,18:Kimberly Abebe:50.86,19:Brenda Dubois:40.59,20:Hugo Wilson:49.76,21:Emma Pham:38.66,22:Wei Chung:51.32,23:Youssef Ziane:34.33,24:Austin Thomas:35.65,25:Miguel Novak:39.82,26:Karim Bruno:38.51,27:Mehdi Roux:52.46,28:Chloe Garcia:57.69,29:Lucia Klein:50.44
1996,Perpignan,Metz,29/10/2026,1730,0230,1:Katya Ahmed:45.18,2:Rayan Perez:57.15,3:Hugo Tran:43.81,4:Aki Tran:33.28,5:Adrien Moore:39.77,6:Elsa Ali:45.32,7:Mei Nkosi:49.06,8:Omar Kovacs:47.41,9:Juan Morozov:34.67,10:Nicolas Yamamoto:49.67,11:Jeanne Taylor:35.68,12:Li Martinez:34.50,13:Zoe Fahmi:55.22,14:Simon Yamamoto:56.92,15:Fode Doan:43.47,16:Sonia Boudjema:42.75,17:Elena Gomes:48.16,18:Farah Pereira:57.37,19:Katya Rodrigues:41.38,20:Youssef Schmidt:50.97,21:Emi Schulz:35.65,22:Clement Kuznetsov:54.26,23:Lian Ferrari:58.43,24:Karim Sanchez:54.12,25:Hassan Kowalski:57.14,26:Alessio Haddad:51.80,27:Youssef Almeida:48.04
7775,Montpellier,Strasbourg,16/07/2026,1415,2240,1:Lea Roux:43.05,2:Camille Tran:32.53,3:Camille Schmidt:56.21,4:Valentine Sato:41.90,5:Clement Wilson:34.66,6:Nala Miller:42.97,7:Chen Yamamoto:47.24,8:Pablo Richard:36.94,9:Juan Rizzo:40.11,10:Bjorn Esposito:36.97,11:Natalia Lefevre:56.17,12:Santiago Ferrari:45.41,13:Orion Russo:42.62,14:Yara Hussein:43.45,15:Simon Garnier:52.20,16:Zane Wilson:56.30,17:Baptiste Thomas:39.63,18:Aki Cisse:53.40,19:Juan Alves:58.44,20:Pablo Mohamed:38.67,21:Corey Yamamoto:41.60,22:Mei Ferrari:33.07,23:Manon Clark:51.40,24:Aicha Wong:43.58,25:Nicolas Gomes:47.22,26:Manon Wagner:38.03,27:Ethan Ramirez:48.92,28:Theo Le:39.91
1176,Tours,Nantes,22/02/2026,0815,1256,1:Orion Russo:31.02,2:Kenji Rizzo:36.55,3:Pierre Cruz:30.97,4:Arthur Abebe:34.77,5:Rose Moussa:32.83,6:Eloise Miller:28.05,7:Emma Taylor:31.10,8:Zola Torres:26.62
1094,Rouen,Lille,22/11/2026,1445,1727,1:Nour Singh:15.14,2:Youssef Abebe:20.48,3:Bjorn Gallo:16.14,4:Rayan Pham:20.33,5:Awa Kuznetsov:16.71,6:Hassan Martin:25.17,7:Wei Schulz:21.22,8:Bilal Thomas:24.44,9:Manon Bianchi:17.94,10:Mehdi Abebe:15.29,11:Ricardo Wagner:19.99,12:Adrien Vo:25.39,13:Jeanne Fahmi:19.08,14:Daiki Smith:18.83,15:Austin Schmidt:14.76,16:Gabriel Lee:22.32,17:Yumi Nkosi:20.48,18:Manon Wagner:20.26,19:Hana Wagner:23.00,20:Simon Nkosi:20.85,21:Wei Moreau:16.42,22:Romain Diallo:20.41,23:Awa Sato:16.71,24:Lian Cherif:18.10,25:Oceane Vo:22.45,26:Aicha Wong:25.23,27:Mehdi Wilson:21.07,28:Orion Faure:18.21,29:Sara Khelifi:16.50,30:Kenza Weber:14.60
